{
  "value_iteration": {
    "training_stats": {
      "iterations": 36,
      "final_delta": 0,
      "converged": true
    },
    "training_time": 33.208494901657104,
    "final_evaluation": {
      "mean_reward": -499.8373142857143,
      "std_reward": 0.4880571428571443
    }
  }
}